<?xml version="1.0" encoding="UTF-8"?>

<!DOCTYPE mapper
  PUBLIC "-//mybatis.org//DTD Mapper 3.0//EN"
  "http://mybatis.org/dtd/mybatis-3-mapper.dtd">
  
<mapper namespace="org.pky.mapper.BoardMapper">
	<insert id="create">
		insert into board(title,content,writer,reg_date) values(#{title},#{content},#{writer},now())
	</insert>
	
	<select id="read" resultType="Board">
	<![CDATA[
		select * from board where bno =#{bno}
		]]>
	</select>
	
	<update id="update">
		update board set title = #{title}, content = #{content}, writer = #{writer} where bno =#{bno}
	</update>
	
	<delete id="delete">
		delete from board where bno =#{bno}
	</delete>
	<select id="list" resultType="Board">
	<![CDATA[
		select * from board where bno >0 order by bno desc,reg_date desc
	]]>
	</select>
  
</mapper>