<?xml version="1.0" encoding="UTF-8"?>

<!DOCTYPE mapper
  PUBLIC "-//mybatis.org//DTD Mapper 3.0//EN"
  "http://mybatis.org/dtd/mybatis-3-mapper.dtd">
  
<mapper namespace="org.pky.mapper.EventMapper">
	<insert id="create">
		insert into travel_route(addr1,areacode,sigungucode,contentid,contenttypeid,eventstartdate,eventenddate,firstimage,mapx,mapy,readcount,tel,title) 
		values(#{addr1},#{areacode},#{sigungucode},#{contentid},#{contenttypeid},#{eventstartdate},#{eventenddate},#{firstimage},#{mapx},#{mapy},#{readcount},#{tel},#{title})
	</insert>
	<insert id="registerRoute">
		insert into user_route(itemDate,routeName,routeDate,personNum,areaName,sigunguName,addr1,areacode,sigungucode,contentid,contenttypeid,eventstartdate,eventenddate,firstimage,mapx,mapy,readcount,tel,title) 
		values(#{choiceDate},#{routeName},#{routeDate},#{personNum},#{areaName},#{sigunguName},#{addr1},#{areacode},#{sigungucode},#{contentid},#{contenttypeid},#{eventstartdate},#{eventenddate},#{firstimage},#{mapx},#{mapy},#{readcount},#{tel},#{title})
	</insert>
	<select id="RouteCnt" resultType="Integer">
	<![CDATA[
		select count(*) from user_route
		]]>
	</select>
	<delete id="RouteDelete">
		delete from user_route where routeid>0
	</delete>
	<select id="RouteRead" resultType="UserRouteVO">
	<![CDATA[
		select * from user_route where routeName =#{routeName}
		]]>
	</select>
	<select id="read" resultType="EventVO">
	<![CDATA[
		select * from travel_route where routeid =#{routeid}
		]]>
	</select>

	<update id="update">
		update travel_route set choiceDate = #{choiceDate} where routeid =#{routeid}
	</update>
	
	<delete id="delete">
		delete from travel_route where routeid =#{bno}
	</delete>
	<select id="list" resultType="EventVO">
	<![CDATA[
		select * from travel_route where routeid >0 order by routeid desc
	]]>
	</select>
	<select id="listing" resultType="EventVO">
	<![CDATA[
		select * from travel_route where contenttypeid=#{num} order by routeid desc
	]]>
	</select>
	
	
	
	

	<insert id="usRegister">
		insert into userselect(areaCode,areaCodeName,sigunguCode,sigunguCodeName,personNum,startDate,endDate) 
		values(#{areaCode},#{areaCodeName},#{sigunguCode},#{sigunguCodeName},#{personNum},#{StartDate},#{endDate})
	</insert>
	
	<select id="usRead" resultType="UserSelectVO">
	<![CDATA[
		select * from userselect where routeid =#{bno}
		]]>
	</select>

	<delete id="usRemove">
		delete from userselect where userselect>0
	</delete>
	
	<select id="usList" resultType="UserSelectVO">
	<![CDATA[
		select * from userselect
	]]>
	</select>
	
	<select id="usCount" resultType="Integer">
	<![CDATA[
		select count(*) from userselect
	]]>
	</select>


	<delete id="deleteRouteInfo">
		delete from user_route where routeName=#{routeName}
	</delete>
	
	<select id="selectRouteInfo" resultType="UserRouteVO">
	<![CDATA[
		select * from user_route where routeName=#{routeName}
	]]>
	</select>
	
	
	<select id="routeList" resultType="routeName">
	<![CDATA[
		SELECT count(routeName) as count,routeName FROM prodb2.user_route group by routeName;
	]]>
	</select>
	
	
	
	
	
	
	
	
	
	
	
	
	
  
</mapper>



