,서,지구대파출소,X좌표,Y좌표,주소,구역
0,부산강서결찰서,지사파출소,128.8321849,35.1511593,부산 강서구 지사동 1182-4,강서구
1,부산강서경찰서,가덕도파출소,128.8309394,35.0528108,부산 강서구 성북동 341번지,강서구
2,부산강서경찰서,가락파출소,128.9021137,35.1949023,부산 강서구 죽림동 740-1번지,강서구
3,부산강서경찰서,강동파출소,128.9366625,35.2161596,부산 강서구 강동동 82-10번지,강서구
4,부산강서경찰서,공항파출소,128.9541248,35.1812184,부산 강서구 대저2동 1854-2번지,강서구
5,부산강서경찰서,녹산파출소,128.886288,35.112865,부산 강서구 녹산동 262-3번지,강서구
6,부산강서경찰서,대저파출소,128.982775,35.212035,부산 강서구 대저1동 2338-4번지,강서구
7,부산강서경찰서,명지파출소,128.9269625,35.1078321,부산광역시 강서구 명지동 1393-2,강서구
8,부산강서경찰서,부산강서경찰서,128.906275,35.1164654,부산 강서구 명지둑길645,강서구
9,부산강서경찰서,신호파출소,128.8564207,35.0898835,부산 강서구  녹산산단335로12-22,강서구
10,부산금정경찰서,범어지구대,129.0881349,35.2695924,부산 금정구 남산동 975-6,금정구
11,부산금정경찰서,부곡지구대,129.0924375,35.2279179,부산 금정구 부곡2동 294-4,금정구
12,부산금정경찰서,부산금정경찰서,129.091838,35.247068,부산 금정구 구서1동 85-15,금정구
13,부산금정경찰서,서금지구대,129.11655,35.2160929,부산 금정구 금사동 117-5,금정구
14,부산금정경찰서,장전지구대,129.0859708,35.2290826,부산 금정구 장전3동 422-11,금정구
15,부산금정경찰서,팔송파출소,129.0929837,35.2723773,부산 금정구 청룡동 11-5,금정구
16,부산기장경찰서,기장지구대,129.2174743,35.2458806,부산 기장군 기장읍 동부리 284-3,기장군
17,부산기장경찰서,부산기장경찰서,129.224925,35.2560917,부산 기장군 일광면 삼성리 510-14,기장군
18,부산기장경찰서,일광파출소,129.2324966,35.2641459,부산 기장군 일광면 삼성리 55-3,기장군
19,부산기장경찰서,장안파출소,129.244275,35.3128833,부산 기장군 장안읍 좌천리 247-5,기장군
20,부산기장경찰서,정관지구대,129.1789583,35.325354,부산 기장군 정관읍 용수리 1314,기장군
21,부산기장경찰서,철마파출소,129.1486203,35.2749704,부산 기장군 철마면 장전리 302-1,기장군
24,부산남부경찰서,대연지구대,129.1019753,35.137846,부산 남구 대연동 54-4,남구
25,부산남부경찰서,못골파출소,129.0901375,35.1398154,부산 남구 대연동 1475의2,남구
26,부산남부경찰서,문현지구대,129.07095,35.1401071,부산 남구 문현동 429의4,남구
27,부산남부경찰서,부산남부경찰서,129.0896505,35.1530323,부산 남구 대연동 243-29,남구
28,부산남부경찰서,용암지구대,129.095725,35.114574,부산 남구 용당동 123의56,남구
29,부산남부경찰서,용호지구대,129.1124038,35.1253974,부산 남구 용호동 542-1,남구
30,부산남부경찰서,우암파출소,129.07825,35.1246237,부산 남구 우암동 66의3,남구
38,부산동부경찰서,범곡파출소,129.0490349,35.1412095,부산 동구 범일동 1438-94,동구
39,부산동부경찰서,부산동부경찰서,129.049175,35.1299571,부산 동구 수정2동 1-4,동구
40,부산동부경찰서,수성지구대,129.043512,35.134265,부산 동구 수정동 525-118,동구
41,부산동부경찰서,자성대파출소,129.061363,35.137382,부산 동구 범일2동 581,동구
42,부산동부경찰서,좌천파출소,129.0561396,35.1371937,부산 동구 좌천동 858-12,동구
43,부산동부경찰서,초량지구대,129.0376375,35.1179154,부산 동구 초량동 970-8,동구
31,부산동래경찰서,낙민파출소,129.09245,35.1938096,부산 동래구 낙민동 82-17번지,동래구
32,부산동래경찰서,내성지구대,129.0844669,35.2073277,부산 동래구 명륜동 726-8번지,동래구
33,부산동래경찰서,부산동래경찰서,129.0847661,35.2004911,부산 동래구 수안동 158-1번지,동래구
34,부산동래경찰서,사직지구대,129.0755375,35.2007679,부산 동래구 사직3동 147-7번지,동래구
35,부산동래경찰서,온천3파출소,129.0662147,35.2057481,부산 동래구 온천3동 1236-10번지,동래구
36,부산동래경찰서,온천지구대,129.076925,35.21886,부산 동래구 온천1동 296-20번지,동래구
37,부산동래경찰서,충렬지구대,129.0971887,35.1996089,부산 동래구 안락1동 420-77번지,동래구
86,부산진경찰서,가야지구대,129.0294892,35.1524934,진구 가야2동 158-1,부산진구
87,부산진경찰서,당감지구대,129.039475,35.163332,부산 부산진구 당감동 257-7,부산진구
88,부산진경찰서,범천1파출소,129.0602375,35.1447404,부산 부산진구 범천동 844-52,부산진구
89,부산진경찰서,부산진경찰서,129.054375,35.160182,부산 부산진구 부전1동 408-4번지,부산진구
90,부산진경찰서,부암지구대,129.050113,35.167351,부산 부산진구 부암동 637-46,부산진구
91,부산진경찰서,부전지구대,129.0612375,35.1638487,부산 부산진구 부전1동 573-107번지,부산진구
92,부산진경찰서,서면지구대,129.0554621,35.1471387,부산 부산진구 범천동 1258-4번지,부산진구
93,부산진경찰서,성지지구대,129.051613,35.179018,부산 부산진구 초읍동 205-24,부산진구
94,부산진경찰서,양정지구대,129.0625636,35.1744342,부산 부산진구 양정동 511-6,부산진구
95,부산진경찰서,전포파출소,129.0650158,35.1514512,부산 부산진구 전포동 890-14번지,부산진구
44,부산북부경찰서,구포지구대,129.0062,35.1987513,부산 북구 구포3동 1219-49번지,북구
45,부산북부경찰서,금곡파출소,129.0130655,35.2496285,부산 북구 금곡동 1114-4번지,북구
46,부산북부경찰서,덕천지구대,129.0050658,35.2155242,부산 북구 덕천2동 680-10,북구
47,부산북부경찰서,만덕지구대,129.0391748,35.2055573,부산 북구 만덕2동 872-3번지,북구
48,부산북부경찰서,부산북부경찰서,129.009318,35.2300937,부산 북구 화명3동 2303번지,북구
49,부산북부경찰서,화명지구대,129.009675,35.2318513,부산 북구 화명3동 2284,북구
50,부산사상경찰서,감전지구대,128.977175,35.151982,부산 사상구 감전동 165-14,사상구
51,부산사상경찰서,덕포파출소,128.9819,35.16761,부산 사상구 괘법동 516-28,사상구
52,부산사상경찰서,부산사상경찰서,128.979185,35.1748707,부산 사상구 삼락동 402-7,사상구
53,부산사상경찰서,삼락지구대,128.9780125,35.1829679,부산 사상구 삼락동 364-8,사상구
54,부산사상경찰서,주례지구대,129.010175,35.1508071,부산 사상구 주례2동 189-26,사상구
55,부산사상경찰서,학장지구대,128.983725,35.1426237,부산 사상구 학장동 237-10,사상구
56,부산사하경찰서,감천지구대,129.003225,35.0883154,부산 사하구 감천1동 486-11,사하구
57,부산사하경찰서,괴정지구대,128.9882432,35.0994482,부산 사하구 괴정1동 747-4,사하구
58,부산사하경찰서,다대지구대,128.9824303,35.0635549,부산 사하구 다대2동 120-36,사하구
59,부산사하경찰서,부산사하경찰서,128.9781122,35.0856926,부산시 사하구 신평동 569-1번지,사하구
60,부산사하경찰서,신평파출소,128.9624139,35.0938351,부산 사하구 신평2동 646-1,사하구
61,부산사하경찰서,장림파출소,128.9687262,35.0814449,부산 사하구 장림1동 325-11,사하구
62,부산사하경찰서,하단지구대,128.9652535,35.1044619,부산 사하구 하단1동 615-1,사하구
63,부산서부경찰서,구덕지구대,129.0173625,35.1170821,부산 서구 동대신동3가 100-2,서구
64,부산서부경찰서,부산서부경찰서,129.0132953,35.1097532,부산 서구 서대신동2가 271,서구
65,부산서부경찰서,송도지구대,129.0246371,35.08936,부산 서구 남부민1동 691-3,서구
66,부산서부경찰서,아미파출소,129.016163,35.100307,부산 서구 아미동2가 126,서구
67,부산서부경찰서,충무지구대,129.02365,35.0970904,부산 서구 토성동4가 2,서구
22,부산남부경찰서,광남지구대,129.1152375,35.1544237,부산 수영구 광안동 172-20,수영구
23,부산남부경찰서,광민지구대,129.1253641,35.1574057,부산 수영구 민락동 34-10,수영구
69,부산연제경찰서,망미1파출소,129.1011506,35.172683,부산 수영구 망미1동 823-3,수영구
71,부산연제경찰서,수영망미2파출소,129.1159163,35.1704988,부산 수영구 수영동 191-2,수영구
68,부산연제경찰서,거제지구대,129.0732061,35.1840449,부산 연제구 거제3동 558-3,연제구
70,부산연제경찰서,부산연제경찰서,129.1046401,35.1829141,부산 연제구 연산9동 243-11,연제구
72,부산연제경찰서,연산파출소,129.0936375,35.1739013,부산 연제구 연산6동 2133-15,연제구
73,부산연제경찰서,연일지구대,129.0831235,35.1868599,부산 연제구 연산4동 603-41,연제구
74,부산연제경찰서,토곡지구대,129.10805,35.1859763,부산 연제구 연산9동 477-1,연제구
106,부산청,부산청,129.0745402,35.1791197,부산시 연제구 연산4동 1000(중앙로 999),연제구
75,부산영도경찰서,대교파출소,129.0400105,35.0922264,부산 영도구 대교2가 63번지,영도구
76,부산영도경찰서,동삼지구대,129.07325,35.078325,부산 영도구 동삼1동 308-3번지,영도구
77,부산영도경찰서,부산영도경찰서,129.036712,35.094057,부산 영도구 대교동1가 20번지,영도구
78,부산영도경찰서,영선지구대,129.0429,35.08774,부산 영도구 영선2가 168번지,영도구
79,부산영도경찰서,청학파출소,129.0661931,35.0919027,부산 영도구 청학2동  49-54번지,영도구
80,부산중부경찰서,남포지구대,129.035613,35.100549,부산 중구 중앙동1가 23-17번지,중구
81,부산중부경찰서,대청파출소,129.0313786,35.1058851,부산 중구 대청동4가 26-24번지,중구
82,부산중부경찰서,보수파출소,129.0233125,35.1059737,부산 중구 보수동2가 50-6번지,중구
83,부산중부경찰서,부산중부경찰서,129.035788,35.107282,부산 중구 대창동1가 40번지,중구
84,부산중부경찰서,부평파출소,129.0237868,35.1030487,부산 중구 부평동4가 2-8번지,중구
85,부산중부파출소,영주파출소,129.0321889,35.1119166,부산 중구 영주동 277-17번지,중구
96,부산해운대경찰서,반석파출소,129.1467306,35.2254744,부산 해운대구 반송1동 716-9(아랫반송로 6),해운대구
97,부산해운대경찰서,반송파출소,129.1601918,35.2290159,부산광역시 해운대구 반송2동 17-1,해운대구
98,부산해운대경찰서,반여2.3파출소,129.1304125,35.1948679,부산 해운대구 반여2동 1291-835(재반로 197),해운대구
99,부산해운대경찰서,반여지구대,129.1177002,35.1974924,부산 해운대구 반여1동1405-9(선수촌로 21번길 64),해운대구
100,부산해운대경찰서,부산해운대경찰서,129.1215875,35.1859096,부산 해운대구 해운대로 129(재송1동 1094-1),해운대구
101,부산해운대경찰서,송정파출소,129.2003394,35.1806314,부산 해운대구 송정동 323-11(중앙로 8번길 65),해운대구
102,부산해운대경찰서,우동지구대,129.1394601,35.1678686,부산 해운대구 우2동 1008-1(해운대로 398),해운대구
103,부산해운대경찰서,재송지구대,129.123488,35.183951,부산 해운대구 재송1동 1106-5(해운대로 161번길 17),해운대구
104,부산해운대경찰서,좌동지구대,129.1763809,35.1778415,부산 해운대구 좌4동 1407-7(좌동순환로 185),해운대구
105,부산해운대경찰서,중동지구대,129.1789922,35.1617091,부산 해운대구 좌3동 1347-2(좌동순환로 20),해운대구
